x0,y0,x1,y1,label,highlight
-1.000000,-1.500000,-2.000000,-1.500000,Gate1,1
0.000000,-0.500000,-0.000000,0.500000,Gate2,0
